filename,predicted_class,confidence,isMeet
elephant_035.jpg,elephant,1.0000,True
elephant_021.jpg,elephant,0.9993,True
elephant_009.jpg,elephant,0.9947,True
rhino_316.jpg,rhino,1.0000,True
buffalo_194.jpg,buffalo,1.0000,True
buffalo_180.jpg,buffalo,0.9997,True
rhino_302.jpg,rhino,1.0000,True
zebra_036.jpg,zebra,1.0000,True
zebra_022.jpg,zebra,0.9999,True
buffalo_157.jpg,elephant,0.9053,False
buffalo_143.jpg,buffalo,1.0000,True
rhino_128.jpg,rhino,1.0000,True
elephant_237.jpg,elephant,1.0000,True
elephant_223.jpg,elephant,1.0000,True
rhino_100.jpg,rhino,0.9975,True
buffalo_369.jpg,buffalo,1.0000,True
zebra_234.jpg,zebra,1.0000,True
zebra_220.jpg,zebra,0.9999,True
buffalo_355.jpg,buffalo,1.0000,True
zebra_208.jpg,zebra,1.0000,True
buffalo_341.jpg,buffalo,1.0000,True
elephant_343.jpg,elephant,1.0000,True
elephant_357.jpg,elephant,1.0000,True
rhino_048.jpg,rhino,1.0000,True
rhino_060.jpg,rhino,1.0000,True
rhino_074.jpg,rhino,1.0000,True
zebra_340.jpg,zebra,1.0000,True
zebra_354.jpg,zebra,1.0000,True
buffalo_209.jpg,buffalo,1.0000,True
buffalo_221.jpg,buffalo,1.0000,True
zebra_368.jpg,zebra,1.0000,True
buffalo_235.jpg,buffalo,1.0000,True
zebra_181.jpg,zebra,0.9998,True
elephant_141.jpg,elephant,0.9997,True
zebra_195.jpg,zebra,0.9952,True
elephant_155.jpg,elephant,0.9986,True
rhino_262.jpg,rhino,1.0000,True
rhino_276.jpg,rhino,1.0000,True
elephant_169.jpg,elephant,0.9995,True
elephant_182.jpg,elephant,1.0000,True
zebra_142.jpg,zebra,0.9768,True
rhino_289.jpg,rhino,1.0000,True
elephant_196.jpg,elephant,0.9997,True
zebra_156.jpg,zebra,0.9997,True
buffalo_023.jpg,buffalo,1.0000,True
buffalo_037.jpg,buffalo,1.0000,True
buffalo_036.jpg,buffalo,1.0000,True
buffalo_022.jpg,buffalo,1.0000,True
rhino_288.jpg,rhino,1.0000,True
zebra_157.jpg,zebra,0.9967,True
elephant_197.jpg,elephant,0.9986,True
zebra_143.jpg,zebra,1.0000,True
elephant_183.jpg,elephant,0.9662,True
rhino_277.jpg,rhino,0.9995,True
elephant_168.jpg,elephant,1.0000,True
rhino_263.jpg,rhino,1.0000,True
elephant_154.jpg,elephant,0.9894,True
zebra_194.jpg,zebra,1.0000,True
elephant_140.jpg,elephant,0.9999,True
zebra_180.jpg,zebra,1.0000,True
zebra_369.jpg,zebra,1.0000,True
buffalo_234.jpg,elephant,0.4797,False
buffalo_220.jpg,buffalo,1.0000,True
zebra_355.jpg,zebra,1.0000,True
buffalo_208.jpg,buffalo,1.0000,True
zebra_341.jpg,zebra,1.0000,True
rhino_075.jpg,rhino,0.9972,True
rhino_061.jpg,rhino,0.9994,True
elephant_356.jpg,elephant,1.0000,True
rhino_049.jpg,rhino,0.9998,True
elephant_342.jpg,elephant,0.9987,True
buffalo_340.jpg,buffalo,1.0000,True
buffalo_354.jpg,buffalo,1.0000,True
zebra_209.jpg,zebra,0.9997,True
zebra_221.jpg,zebra,1.0000,True
buffalo_368.jpg,buffalo,0.7787,True
zebra_235.jpg,zebra,1.0000,True
rhino_101.jpg,rhino,1.0000,True
rhino_115.jpg,rhino,1.0000,True
elephant_222.jpg,elephant,1.0000,True
rhino_129.jpg,rhino,1.0000,True
elephant_236.jpg,elephant,1.0000,True
buffalo_142.jpg,buffalo,1.0000,True
buffalo_156.jpg,buffalo,1.0000,True
zebra_023.jpg,zebra,1.0000,True
zebra_037.jpg,zebra,1.0000,True
rhino_303.jpg,rhino,1.0000,True
buffalo_181.jpg,buffalo,1.0000,True
elephant_008.jpg,elephant,0.9996,True
buffalo_195.jpg,buffalo,1.0000,True
rhino_317.jpg,rhino,1.0000,True
elephant_020.jpg,elephant,1.0000,True
elephant_034.jpg,elephant,0.9993,True
elephant_022.jpg,elephant,0.9994,True
rhino_329.jpg,rhino,1.0000,True
elephant_036.jpg,elephant,1.0000,True
buffalo_183.jpg,buffalo,1.0000,True
rhino_301.jpg,rhino,1.0000,True
rhino_315.jpg,rhino,1.0000,True
buffalo_197.jpg,buffalo,1.0000,True
zebra_021.jpg,zebra,1.0000,True
buffalo_168.jpg,buffalo,0.9994,True
zebra_035.jpg,zebra,1.0000,True
buffalo_140.jpg,buffalo,1.0000,True
buffalo_154.jpg,buffalo,0.9991,True
zebra_009.jpg,zebra,1.0000,True
elephant_220.jpg,elephant,0.9999,True
elephant_234.jpg,elephant,1.0000,True
rhino_103.jpg,rhino,1.0000,True
elephant_208.jpg,elephant,0.9963,True
rhino_117.jpg,rhino,0.9997,True
zebra_223.jpg,zebra,1.0000,True
zebra_237.jpg,zebra,1.0000,True
buffalo_342.jpg,buffalo,1.0000,True
buffalo_356.jpg,buffalo,1.0000,True
elephant_354.jpg,elephant,0.9971,True
elephant_340.jpg,elephant,0.9754,True
zebra_380.jpg,zebra,1.0000,True
rhino_077.jpg,rhino,1.0000,True
elephant_368.jpg,elephant,0.9999,True
rhino_063.jpg,rhino,1.0000,True
rhino_088.jpg,rhino,1.0000,True
zebra_357.jpg,zebra,1.0000,True
zebra_343.jpg,zebra,1.0000,True
buffalo_236.jpg,buffalo,1.0000,True
buffalo_222.jpg,buffalo,1.0000,True
zebra_196.jpg,zebra,1.0000,True
elephant_156.jpg,elephant,1.0000,True
rhino_249.jpg,rhino,0.9997,True
zebra_182.jpg,zebra,1.0000,True
elephant_142.jpg,elephant,0.9999,True
rhino_275.jpg,rhino,1.0000,True
rhino_261.jpg,rhino,1.0000,True
elephant_195.jpg,elephant,0.9885,True
zebra_155.jpg,zebra,1.0000,True
buffalo_008.jpg,buffalo,0.9962,True
elephant_181.jpg,elephant,1.0000,True
zebra_141.jpg,zebra,1.0000,True
zebra_169.jpg,zebra,1.0000,True
buffalo_034.jpg,buffalo,1.0000,True
buffalo_020.jpg,buffalo,1.0000,True
buffalo_021.jpg,buffalo,1.0000,True
zebra_168.jpg,zebra,1.0000,True
buffalo_035.jpg,buffalo,1.0000,True
zebra_140.jpg,zebra,1.0000,True
elephant_180.jpg,elephant,0.9618,True
zebra_154.jpg,zebra,1.0000,True
elephant_194.jpg,elephant,1.0000,True
buffalo_009.jpg,buffalo,0.9997,True
rhino_260.jpg,rhino,1.0000,True
rhino_274.jpg,rhino,0.9999,True
elephant_143.jpg,elephant,0.9861,True
zebra_183.jpg,zebra,1.0000,True
elephant_157.jpg,elephant,0.8599,True
zebra_197.jpg,zebra,1.0000,True
rhino_248.jpg,rhino,1.0000,True
buffalo_223.jpg,buffalo,1.0000,True
buffalo_237.jpg,buffalo,1.0000,True
zebra_342.jpg,zebra,1.0000,True
rhino_089.jpg,rhino,1.0000,True
zebra_356.jpg,zebra,1.0000,True
rhino_062.jpg,rhino,1.0000,True
rhino_076.jpg,rhino,1.0000,True
elephant_369.jpg,elephant,0.9997,True
elephant_341.jpg,elephant,0.9975,True
elephant_355.jpg,elephant,0.9895,True
buffalo_357.jpg,buffalo,1.0000,True
buffalo_343.jpg,buffalo,1.0000,True
zebra_236.jpg,zebra,1.0000,True
zebra_222.jpg,zebra,1.0000,True
elephant_209.jpg,elephant,0.9999,True
rhino_116.jpg,rhino,1.0000,True
rhino_102.jpg,rhino,1.0000,True
elephant_235.jpg,elephant,0.9966,True
elephant_221.jpg,elephant,0.9948,True
buffalo_155.jpg,buffalo,1.0000,True
zebra_008.jpg,zebra,1.0000,True
buffalo_141.jpg,buffalo,1.0000,True
buffalo_169.jpg,buffalo,1.0000,True
zebra_034.jpg,zebra,1.0000,True
zebra_020.jpg,zebra,1.0000,True
buffalo_196.jpg,buffalo,0.9999,True
rhino_314.jpg,rhino,1.0000,True
rhino_300.jpg,rhino,1.0000,True
rhino_328.jpg,rhino,1.0000,True
elephant_037.jpg,elephant,0.9991,True
elephant_023.jpg,elephant,1.0000,True
buffalo_186.jpg,buffalo,0.9995,True
rhino_304.jpg,rhino,0.9919,True
rhino_310.jpg,rhino,1.0000,True
buffalo_192.jpg,buffalo,1.0000,True
rhino_338.jpg,rhino,0.9367,True
elephant_027.jpg,elephant,1.0000,True
elephant_033.jpg,elephant,1.0000,True
buffalo_145.jpg,buffalo,1.0000,True
zebra_018.jpg,zebra,0.9999,True
buffalo_151.jpg,buffalo,1.0000,True
buffalo_179.jpg,buffalo,1.0000,True
zebra_024.jpg,zebra,1.0000,True
zebra_030.jpg,zebra,1.0000,True
elephant_219.jpg,elephant,0.9824,True
rhino_106.jpg,rhino,0.9994,True
rhino_112.jpg,rhino,1.0000,True
elephant_225.jpg,elephant,0.9999,True
elephant_231.jpg,elephant,0.9986,True
buffalo_347.jpg,buffalo,0.9998,True
buffalo_353.jpg,buffalo,1.0000,True
zebra_226.jpg,zebra,0.9998,True
zebra_232.jpg,zebra,1.0000,True
rhino_072.jpg,rhino,0.9996,True
rhino_066.jpg,rhino,0.9995,True
elephant_351.jpg,elephant,0.9963,True
elephant_345.jpg,elephant,0.9999,True
buffalo_233.jpg,buffalo,0.9986,True
buffalo_227.jpg,buffalo,0.9995,True
zebra_352.jpg,zebra,1.0000,True
rhino_099.jpg,rhino,1.0000,True
zebra_346.jpg,zebra,1.0000,True
rhino_270.jpg,rhino,0.9997,True
rhino_264.jpg,rhino,0.9999,True
zebra_193.jpg,zebra,0.9999,True
elephant_153.jpg,elephant,0.9995,True
zebra_187.jpg,zebra,1.0000,True
elephant_147.jpg,elephant,0.9988,True
rhino_258.jpg,rhino,1.0000,True
buffalo_031.jpg,buffalo,1.0000,True
zebra_178.jpg,zebra,1.0000,True
buffalo_025.jpg,buffalo,0.9996,True
elephant_190.jpg,elephant,0.9864,True
zebra_150.jpg,zebra,1.0000,True
elephant_184.jpg,elephant,0.9924,True
zebra_144.jpg,zebra,1.0000,True
buffalo_019.jpg,buffalo,1.0000,True
zebra_145.jpg,zebra,0.9996,True
elephant_185.jpg,elephant,0.9999,True
buffalo_018.jpg,buffalo,1.0000,True
zebra_151.jpg,zebra,0.9988,True
elephant_191.jpg,elephant,0.9991,True
zebra_179.jpg,zebra,1.0000,True
buffalo_024.jpg,buffalo,1.0000,True
buffalo_030.jpg,buffalo,1.0000,True
elephant_146.jpg,rhino,0.6056,False
zebra_186.jpg,zebra,1.0000,True
rhino_259.jpg,rhino,1.0000,True
elephant_152.jpg,elephant,0.9999,True
zebra_192.jpg,zebra,1.0000,True
rhino_265.jpg,rhino,0.9978,True
rhino_271.jpg,rhino,1.0000,True
rhino_098.jpg,rhino,0.9974,True
zebra_347.jpg,zebra,1.0000,True
zebra_353.jpg,zebra,1.0000,True
buffalo_226.jpg,buffalo,1.0000,True
buffalo_232.jpg,buffalo,1.0000,True
elephant_344.jpg,elephant,0.9917,True
elephant_350.jpg,elephant,0.9997,True
rhino_067.jpg,rhino,1.0000,True
rhino_073.jpg,rhino,1.0000,True
zebra_227.jpg,zebra,0.9999,True
buffalo_352.jpg,buffalo,1.0000,True
buffalo_346.jpg,buffalo,1.0000,True
elephant_230.jpg,elephant,0.9984,True
elephant_224.jpg,elephant,1.0000,True
rhino_113.jpg,rhino,0.9999,True
elephant_218.jpg,elephant,1.0000,True
zebra_031.jpg,zebra,1.0000,True
buffalo_178.jpg,buffalo,1.0000,True
zebra_025.jpg,zebra,0.9942,True
buffalo_150.jpg,buffalo,1.0000,True
buffalo_144.jpg,buffalo,1.0000,True
zebra_019.jpg,zebra,1.0000,True
elephant_032.jpg,elephant,0.9999,True
rhino_339.jpg,rhino,1.0000,True
elephant_026.jpg,elephant,1.0000,True
buffalo_193.jpg,buffalo,1.0000,True
rhino_311.jpg,rhino,1.0000,True
rhino_305.jpg,rhino,0.9966,True
buffalo_187.jpg,buffalo,0.9942,True
rhino_313.jpg,rhino,1.0000,True
buffalo_191.jpg,buffalo,0.9918,True
elephant_018.jpg,elephant,0.9997,True
buffalo_185.jpg,buffalo,1.0000,True
rhino_307.jpg,rhino,1.0000,True
elephant_030.jpg,elephant,0.9996,True
elephant_024.jpg,elephant,1.0000,True
buffalo_152.jpg,buffalo,0.9958,True
buffalo_146.jpg,buffalo,1.0000,True
zebra_033.jpg,zebra,0.9999,True
zebra_027.jpg,zebra,1.0000,True
rhino_111.jpg,rhino,0.9993,True
rhino_105.jpg,rhino,1.0000,True
elephant_232.jpg,elephant,0.9994,True
rhino_139.jpg,rhino,1.0000,True
elephant_226.jpg,elephant,0.9997,True
buffalo_350.jpg,buffalo,1.0000,True
buffalo_344.jpg,buffalo,1.0000,True
zebra_219.jpg,zebra,1.0000,True
zebra_231.jpg,zebra,1.0000,True
zebra_225.jpg,zebra,1.0000,True
rhino_065.jpg,rhino,1.0000,True
rhino_071.jpg,rhino,1.0000,True
elephant_346.jpg,elephant,1.0000,True
rhino_059.jpg,rhino,1.0000,True
elephant_352.jpg,elephant,1.0000,True
zebra_379.jpg,zebra,0.9994,True
buffalo_224.jpg,buffalo,1.0000,True
buffalo_230.jpg,buffalo,1.0000,True
zebra_345.jpg,zebra,1.0000,True
buffalo_218.jpg,buffalo,1.0000,True
zebra_351.jpg,zebra,1.0000,True
rhino_267.jpg,rhino,1.0000,True
elephant_178.jpg,elephant,0.9972,True
rhino_273.jpg,rhino,1.0000,True
zebra_184.jpg,zebra,1.0000,True
elephant_144.jpg,elephant,1.0000,True
zebra_190.jpg,zebra,1.0000,True
elephant_150.jpg,elephant,0.9999,True
buffalo_026.jpg,buffalo,1.0000,True
buffalo_032.jpg,buffalo,1.0000,True
rhino_298.jpg,rhino,0.9999,True
elephant_187.jpg,elephant,1.0000,True
zebra_147.jpg,zebra,0.9999,True
elephant_193.jpg,elephant,0.9983,True
zebra_153.jpg,zebra,1.0000,True
zebra_152.jpg,zebra,1.0000,True
elephant_192.jpg,elephant,1.0000,True
rhino_299.jpg,rhino,1.0000,True
zebra_146.jpg,zebra,1.0000,True
elephant_186.jpg,elephant,0.9996,True
buffalo_033.jpg,buffalo,1.0000,True
buffalo_027.jpg,buffalo,1.0000,True
elephant_151.jpg,elephant,1.0000,True
zebra_191.jpg,zebra,1.0000,True
elephant_145.jpg,elephant,0.9998,True
zebra_185.jpg,zebra,1.0000,True
rhino_272.jpg,rhino,1.0000,True
rhino_266.jpg,rhino,0.9999,True
elephant_179.jpg,elephant,0.9989,True
zebra_350.jpg,zebra,1.0000,True
zebra_344.jpg,zebra,0.9977,True
buffalo_219.jpg,buffalo,1.0000,True
buffalo_231.jpg,buffalo,0.9984,True
zebra_378.jpg,zebra,1.0000,True
buffalo_225.jpg,buffalo,1.0000,True
elephant_353.jpg,elephant,0.9952,True
elephant_347.jpg,elephant,0.9914,True
rhino_058.jpg,rhino,1.0000,True
rhino_064.jpg,rhino,1.0000,True
zebra_224.jpg,zebra,1.0000,True
zebra_230.jpg,zebra,1.0000,True
buffalo_345.jpg,buffalo,1.0000,True
zebra_218.jpg,zebra,1.0000,True
buffalo_351.jpg,buffalo,1.0000,True
rhino_138.jpg,rhino,0.9997,True
elephant_227.jpg,elephant,1.0000,True
elephant_233.jpg,elephant,0.9974,True
rhino_104.jpg,rhino,1.0000,True
rhino_110.jpg,rhino,1.0000,True
zebra_026.jpg,zebra,1.0000,True
zebra_032.jpg,zebra,1.0000,True
buffalo_147.jpg,buffalo,1.0000,True
buffalo_153.jpg,buffalo,1.0000,True
elephant_025.jpg,elephant,0.9991,True
elephant_031.jpg,elephant,0.9951,True
elephant_019.jpg,elephant,1.0000,True
rhino_306.jpg,rhino,1.0000,True
buffalo_184.jpg,buffalo,1.0000,True
buffalo_190.jpg,buffalo,1.0000,True
rhino_312.jpg,rhino,1.0000,True
rhino_349.jpg,rhino,1.0000,True
elephant_056.jpg,elephant,0.9999,True
zebra_096.jpg,zebra,1.0000,True
elephant_042.jpg,elephant,0.9975,True
zebra_082.jpg,zebra,1.0000,True
rhino_375.jpg,rhino,1.0000,True
rhino_361.jpg,rhino,1.0000,True
buffalo_108.jpg,buffalo,1.0000,True
elephant_095.jpg,elephant,0.9999,True
zebra_041.jpg,zebra,1.0000,True
elephant_081.jpg,elephant,0.8479,True
buffalo_134.jpg,buffalo,0.6232,True
zebra_069.jpg,zebra,1.0000,True
buffalo_120.jpg,buffalo,1.0000,True
zebra_294.jpg,zebra,1.0000,True
elephant_254.jpg,elephant,0.9999,True
zebra_280.jpg,zebra,1.0000,True
elephant_240.jpg,elephant,0.7913,True
elephant_268.jpg,elephant,0.9995,True
rhino_177.jpg,rhino,1.0000,True
rhino_163.jpg,rhino,1.0000,True
elephant_297.jpg,elephant,0.9998,True
zebra_257.jpg,zebra,1.0000,True
rhino_188.jpg,rhino,0.8602,True
elephant_283.jpg,elephant,1.0000,True
zebra_243.jpg,zebra,1.0000,True
buffalo_336.jpg,buffalo,0.9991,True
buffalo_322.jpg,buffalo,1.0000,True
elephant_320.jpg,elephant,0.9995,True
elephant_334.jpg,elephant,0.9995,True
rhino_003.jpg,rhino,0.9991,True
buffalo_281.jpg,buffalo,1.0000,True
buffalo_295.jpg,buffalo,1.0000,True
rhino_017.jpg,rhino,1.0000,True
elephant_308.jpg,elephant,1.0000,True
zebra_323.jpg,zebra,0.9999,True
zebra_337.jpg,zebra,0.9994,True
buffalo_242.jpg,buffalo,0.5519,True
buffalo_256.jpg,buffalo,1.0000,True
elephant_122.jpg,elephant,0.9999,True
elephant_136.jpg,elephant,1.0000,True
rhino_229.jpg,rhino,1.0000,True
buffalo_083.jpg,buffalo,1.0000,True
rhino_201.jpg,rhino,1.0000,True
rhino_215.jpg,rhino,0.9999,True
buffalo_097.jpg,buffalo,1.0000,True
zebra_121.jpg,zebra,1.0000,True
zebra_135.jpg,zebra,1.0000,True
buffalo_068.jpg,buffalo,1.0000,True
buffalo_040.jpg,buffalo,1.0000,True
zebra_109.jpg,zebra,1.0000,True
buffalo_054.jpg,buffalo,0.9776,True
zebra_108.jpg,zebra,1.0000,True
buffalo_055.jpg,buffalo,1.0000,True
buffalo_041.jpg,buffalo,1.0000,True
zebra_134.jpg,zebra,1.0000,True
buffalo_069.jpg,buffalo,1.0000,True
zebra_120.jpg,zebra,1.0000,True
buffalo_096.jpg,buffalo,0.9983,True
rhino_214.jpg,rhino,1.0000,True
rhino_200.jpg,rhino,1.0000,True
buffalo_082.jpg,buffalo,1.0000,True
elephant_137.jpg,elephant,0.9516,True
rhino_228.jpg,rhino,1.0000,True
elephant_123.jpg,elephant,0.9992,True
buffalo_257.jpg,buffalo,1.0000,True
buffalo_243.jpg,buffalo,1.0000,True
zebra_336.jpg,zebra,1.0000,True
zebra_322.jpg,zebra,1.0000,True
rhino_016.jpg,rhino,1.0000,True
buffalo_294.jpg,buffalo,0.9982,True
elephant_309.jpg,elephant,0.9927,True
buffalo_280.jpg,buffalo,1.0000,True
rhino_002.jpg,rhino,1.0000,True
elephant_335.jpg,elephant,0.9787,True
elephant_321.jpg,elephant,0.9997,True
buffalo_323.jpg,buffalo,1.0000,True
buffalo_337.jpg,buffalo,1.0000,True
zebra_242.jpg,zebra,1.0000,True
elephant_282.jpg,elephant,0.9950,True
zebra_256.jpg,zebra,1.0000,True
elephant_296.jpg,elephant,0.7073,True
rhino_189.jpg,rhino,0.9966,True
rhino_162.jpg,rhino,1.0000,True
elephant_269.jpg,elephant,0.9999,True
rhino_176.jpg,rhino,1.0000,True
elephant_241.jpg,elephant,0.9909,True
zebra_281.jpg,zebra,1.0000,True
elephant_255.jpg,elephant,0.9958,True
zebra_295.jpg,zebra,1.0000,True
buffalo_121.jpg,buffalo,1.0000,True
buffalo_135.jpg,buffalo,1.0000,True
zebra_068.jpg,zebra,1.0000,True
elephant_080.jpg,elephant,0.7625,True
zebra_040.jpg,zebra,1.0000,True
buffalo_109.jpg,buffalo,1.0000,True
elephant_094.jpg,elephant,0.9998,True
zebra_054.jpg,zebra,1.0000,True
rhino_360.jpg,rhino,1.0000,True
rhino_374.jpg,rhino,0.8795,True
zebra_083.jpg,zebra,1.0000,True
elephant_043.jpg,elephant,0.9706,True
rhino_348.jpg,rhino,1.0000,True
zebra_097.jpg,zebra,1.0000,True
elephant_057.jpg,elephant,0.9988,True
elephant_041.jpg,elephant,0.9990,True
zebra_081.jpg,zebra,1.0000,True
elephant_055.jpg,elephant,0.9992,True
zebra_095.jpg,zebra,0.9998,True
rhino_362.jpg,rhino,1.0000,True
elephant_069.jpg,elephant,1.0000,True
rhino_376.jpg,rhino,1.0000,True
zebra_042.jpg,zebra,1.0000,True
elephant_082.jpg,elephant,0.9999,True
zebra_056.jpg,zebra,1.0000,True
elephant_096.jpg,elephant,1.0000,True
buffalo_123.jpg,buffalo,1.0000,True
buffalo_137.jpg,buffalo,1.0000,True
zebra_283.jpg,zebra,1.0000,True
elephant_243.jpg,elephant,0.9988,True
rhino_148.jpg,rhino,1.0000,True
zebra_297.jpg,zebra,1.0000,True
elephant_257.jpg,elephant,0.9772,True
rhino_160.jpg,rhino,1.0000,True
rhino_174.jpg,elephant,0.4348,False
elephant_280.jpg,elephant,0.9997,True
zebra_240.jpg,zebra,0.9994,True
buffalo_309.jpg,buffalo,1.0000,True
elephant_294.jpg,elephant,0.9983,True
zebra_254.jpg,zebra,1.0000,True
buffalo_321.jpg,buffalo,1.0000,True
buffalo_335.jpg,buffalo,1.0000,True
zebra_268.jpg,zebra,1.0000,True
elephant_337.jpg,elephant,1.0000,True
rhino_028.jpg,rhino,0.9999,True
elephant_323.jpg,elephant,0.9977,True
buffalo_296.jpg,buffalo,1.0000,True
rhino_014.jpg,rhino,1.0000,True
buffalo_282.jpg,buffalo,1.0000,True
zebra_334.jpg,zebra,1.0000,True
buffalo_269.jpg,buffalo,1.0000,True
zebra_320.jpg,zebra,1.0000,True
zebra_308.jpg,zebra,1.0000,True
buffalo_255.jpg,buffalo,1.0000,True
buffalo_241.jpg,buffalo,1.0000,True
elephant_135.jpg,elephant,0.9975,True
elephant_121.jpg,elephant,0.9736,True
rhino_216.jpg,rhino,0.9998,True
buffalo_094.jpg,buffalo,1.0000,True
elephant_109.jpg,elephant,0.9999,True
buffalo_080.jpg,buffalo,1.0000,True
rhino_202.jpg,rhino,1.0000,True
zebra_136.jpg,zebra,1.0000,True
zebra_122.jpg,zebra,1.0000,True
buffalo_057.jpg,buffalo,1.0000,True
buffalo_043.jpg,buffalo,1.0000,True
buffalo_042.jpg,buffalo,1.0000,True
buffalo_056.jpg,buffalo,1.0000,True
zebra_123.jpg,zebra,1.0000,True
rhino_203.jpg,rhino,0.9993,True
buffalo_081.jpg,buffalo,1.0000,True
buffalo_095.jpg,buffalo,1.0000,True
rhino_217.jpg,rhino,1.0000,True
elephant_108.jpg,elephant,0.9962,True
elephant_120.jpg,elephant,0.9168,True
elephant_134.jpg,elephant,1.0000,True
buffalo_240.jpg,buffalo,1.0000,True
zebra_309.jpg,zebra,1.0000,True
buffalo_254.jpg,buffalo,1.0000,True
zebra_321.jpg,zebra,1.0000,True
zebra_335.jpg,zebra,1.0000,True
buffalo_268.jpg,buffalo,1.0000,True
buffalo_283.jpg,buffalo,1.0000,True
rhino_001.jpg,rhino,1.0000,True
rhino_015.jpg,rhino,1.0000,True
buffalo_297.jpg,buffalo,0.9997,True
elephant_336.jpg,elephant,0.9896,True
rhino_029.jpg,rhino,1.0000,True
buffalo_334.jpg,buffalo,1.0000,True
zebra_269.jpg,zebra,1.0000,True
buffalo_320.jpg,buffalo,0.9933,True
buffalo_308.jpg,buffalo,1.0000,True
zebra_255.jpg,zebra,1.0000,True
elephant_295.jpg,elephant,0.9998,True
zebra_241.jpg,zebra,1.0000,True
elephant_281.jpg,elephant,1.0000,True
rhino_175.jpg,rhino,1.0000,True
rhino_161.jpg,rhino,0.9993,True
rhino_149.jpg,rhino,1.0000,True
elephant_256.jpg,elephant,0.9997,True
zebra_296.jpg,zebra,1.0000,True
elephant_242.jpg,elephant,1.0000,True
zebra_282.jpg,zebra,1.0000,True
buffalo_136.jpg,buffalo,0.9977,True
buffalo_122.jpg,buffalo,1.0000,True
elephant_097.jpg,elephant,1.0000,True
zebra_057.jpg,zebra,1.0000,True
elephant_083.jpg,elephant,1.0000,True
zebra_043.jpg,zebra,1.0000,True
elephant_068.jpg,elephant,1.0000,True
rhino_377.jpg,rhino,1.0000,True
rhino_363.jpg,rhino,1.0000,True
zebra_094.jpg,zebra,1.0000,True
elephant_054.jpg,elephant,0.9987,True
zebra_080.jpg,zebra,1.0000,True
elephant_040.jpg,elephant,1.0000,True
elephant_078.jpg,elephant,0.9992,True
rhino_367.jpg,rhino,1.0000,True
rhino_373.jpg,rhino,1.0000,True
elephant_044.jpg,elephant,0.9915,True
zebra_084.jpg,zebra,1.0000,True
elephant_050.jpg,elephant,0.9783,True
zebra_090.jpg,zebra,1.0000,True
buffalo_126.jpg,buffalo,1.0000,True
buffalo_132.jpg,buffalo,1.0000,True
zebra_047.jpg,zebra,1.0000,True
elephant_087.jpg,elephant,0.9999,True
zebra_053.jpg,zebra,1.0000,True
elephant_093.jpg,elephant,1.0000,True
rhino_165.jpg,elephant,0.9778,False
rhino_171.jpg,rhino,1.0000,True
rhino_159.jpg,rhino,1.0000,True
zebra_286.jpg,zebra,1.0000,True
elephant_246.jpg,elephant,0.9994,True
zebra_292.jpg,zebra,1.0000,True
elephant_252.jpg,elephant,1.0000,True
buffalo_324.jpg,buffalo,1.0000,True
zebra_279.jpg,zebra,1.0000,True
buffalo_330.jpg,buffalo,1.0000,True
buffalo_318.jpg,buffalo,1.0000,True
elephant_285.jpg,elephant,0.9802,True
zebra_245.jpg,zebra,1.0000,True
elephant_291.jpg,elephant,0.9812,True
zebra_251.jpg,zebra,1.0000,True
buffalo_293.jpg,buffalo,0.9979,True
rhino_011.jpg,rhino,0.9999,True
rhino_005.jpg,rhino,1.0000,True
buffalo_287.jpg,buffalo,1.0000,True
elephant_332.jpg,elephant,0.9998,True
elephant_326.jpg,elephant,0.9959,True
rhino_039.jpg,rhino,1.0000,True
buffalo_250.jpg,buffalo,1.0000,True
zebra_319.jpg,zebra,1.0000,True
buffalo_244.jpg,buffalo,0.9999,True
zebra_331.jpg,zebra,0.9998,True
zebra_325.jpg,zebra,1.0000,True
buffalo_278.jpg,buffalo,1.0000,True
rhino_213.jpg,rhino,0.9998,True
buffalo_091.jpg,buffalo,0.9681,True
buffalo_085.jpg,buffalo,1.0000,True
rhino_207.jpg,rhino,0.9998,True
elephant_118.jpg,elephant,0.9989,True
elephant_130.jpg,elephant,0.9842,True
elephant_124.jpg,elephant,0.9995,True
buffalo_052.jpg,buffalo,1.0000,True
buffalo_046.jpg,buffalo,0.9999,True
zebra_133.jpg,zebra,1.0000,True
zebra_127.jpg,zebra,0.9999,True
zebra_126.jpg,zebra,0.9999,True
zebra_132.jpg,zebra,0.9999,True
buffalo_047.jpg,buffalo,1.0000,True
buffalo_053.jpg,buffalo,1.0000,True
elephant_125.jpg,elephant,1.0000,True
elephant_131.jpg,elephant,1.0000,True
rhino_206.jpg,rhino,1.0000,True
buffalo_084.jpg,buffalo,1.0000,True
elephant_119.jpg,elephant,0.9977,True
buffalo_090.jpg,buffalo,1.0000,True
rhino_212.jpg,rhino,1.0000,True
zebra_324.jpg,zebra,1.0000,True
buffalo_279.jpg,buffalo,1.0000,True
zebra_330.jpg,zebra,1.0000,True
zebra_318.jpg,zebra,1.0000,True
buffalo_245.jpg,buffalo,1.0000,True
buffalo_251.jpg,buffalo,1.0000,True
elephant_327.jpg,elephant,1.0000,True
rhino_038.jpg,rhino,1.0000,True
elephant_333.jpg,elephant,0.9997,True
rhino_004.jpg,rhino,1.0000,True
rhino_010.jpg,rhino,1.0000,True
buffalo_292.jpg,buffalo,1.0000,True
zebra_250.jpg,zebra,1.0000,True
elephant_290.jpg,zebra,1.0000,False
buffalo_319.jpg,buffalo,0.9998,True
zebra_244.jpg,zebra,1.0000,True
elephant_284.jpg,elephant,1.0000,True
buffalo_331.jpg,buffalo,1.0000,True
buffalo_325.jpg,buffalo,1.0000,True
zebra_278.jpg,zebra,1.0000,True
elephant_253.jpg,elephant,0.9980,True
zebra_293.jpg,zebra,0.9993,True
rhino_158.jpg,rhino,1.0000,True
elephant_247.jpg,elephant,1.0000,True
zebra_287.jpg,zebra,1.0000,True
rhino_170.jpg,rhino,1.0000,True
rhino_164.jpg,rhino,1.0000,True
elephant_092.jpg,elephant,0.9999,True
zebra_052.jpg,zebra,1.0000,True
elephant_086.jpg,elephant,1.0000,True
zebra_046.jpg,zebra,1.0000,True
buffalo_133.jpg,buffalo,1.0000,True
buffalo_127.jpg,buffalo,1.0000,True
zebra_091.jpg,zebra,1.0000,True
elephant_051.jpg,elephant,0.9999,True
zebra_085.jpg,zebra,1.0000,True
elephant_045.jpg,elephant,0.9978,True
rhino_372.jpg,rhino,1.0000,True
elephant_079.jpg,elephant,0.9996,True
rhino_366.jpg,rhino,1.0000,True
rhino_370.jpg,rhino,1.0000,True
rhino_364.jpg,rhino,1.0000,True
elephant_053.jpg,elephant,0.9942,True
zebra_093.jpg,zebra,1.0000,True
rhino_358.jpg,rhino,1.0000,True
elephant_047.jpg,elephant,0.9947,True
zebra_087.jpg,zebra,1.0000,True
buffalo_131.jpg,buffalo,1.0000,True
buffalo_125.jpg,buffalo,1.0000,True
zebra_078.jpg,zebra,1.0000,True
zebra_050.jpg,zebra,0.9996,True
elephant_090.jpg,elephant,0.9977,True
buffalo_119.jpg,buffalo,1.0000,True
zebra_044.jpg,zebra,1.0000,True
elephant_084.jpg,elephant,0.9943,True
rhino_172.jpg,rhino,1.0000,True
elephant_279.jpg,elephant,0.9957,True
rhino_166.jpg,rhino,0.9999,True
zebra_291.jpg,zebra,1.0000,True
elephant_251.jpg,elephant,0.9971,True
zebra_285.jpg,zebra,1.0000,True
elephant_245.jpg,elephant,0.9996,True
buffalo_333.jpg,buffalo,1.0000,True
buffalo_327.jpg,buffalo,0.4668,True
elephant_292.jpg,elephant,0.9994,True
zebra_252.jpg,zebra,1.0000,True
elephant_286.jpg,elephant,0.9991,True
zebra_246.jpg,zebra,1.0000,True
rhino_199.jpg,rhino,0.9999,True
rhino_006.jpg,rhino,1.0000,True
buffalo_284.jpg,buffalo,1.0000,True
elephant_319.jpg,elephant,1.0000,True
buffalo_290.jpg,buffalo,1.0000,True
rhino_012.jpg,rhino,0.9997,True
elephant_325.jpg,elephant,0.9986,True
elephant_331.jpg,elephant,0.9997,True
buffalo_247.jpg,buffalo,1.0000,True
buffalo_253.jpg,buffalo,1.0000,True
zebra_326.jpg,zebra,0.9996,True
zebra_332.jpg,zebra,1.0000,True
buffalo_086.jpg,buffalo,1.0000,True
rhino_204.jpg,rhino,1.0000,True
rhino_210.jpg,rhino,1.0000,True
buffalo_092.jpg,buffalo,1.0000,True
elephant_127.jpg,elephant,1.0000,True
rhino_238.jpg,rhino,1.0000,True
elephant_133.jpg,elephant,0.9998,True
zebra_118.jpg,buffalo,0.7806,False
buffalo_045.jpg,buffalo,1.0000,True
buffalo_051.jpg,buffalo,1.0000,True
zebra_124.jpg,zebra,1.0000,True
buffalo_079.jpg,buffalo,1.0000,True
zebra_130.jpg,zebra,1.0000,True
zebra_131.jpg,zebra,1.0000,True
zebra_125.jpg,zebra,1.0000,True
buffalo_078.jpg,buffalo,1.0000,True
buffalo_050.jpg,buffalo,0.9999,True
zebra_119.jpg,zebra,0.9974,True
buffalo_044.jpg,buffalo,1.0000,True
elephant_132.jpg,elephant,1.0000,True
elephant_126.jpg,elephant,0.9982,True
rhino_239.jpg,rhino,1.0000,True
buffalo_093.jpg,buffalo,0.9999,True
rhino_211.jpg,rhino,1.0000,True
rhino_205.jpg,rhino,1.0000,True
buffalo_087.jpg,buffalo,1.0000,True
zebra_333.jpg,zebra,0.9997,True
zebra_327.jpg,zebra,1.0000,True
buffalo_252.jpg,buffalo,1.0000,True
buffalo_246.jpg,buffalo,1.0000,True
elephant_330.jpg,elephant,0.9992,True
elephant_324.jpg,elephant,1.0000,True
rhino_013.jpg,rhino,1.0000,True
buffalo_291.jpg,zebra,0.9996,False
buffalo_285.jpg,buffalo,1.0000,True
rhino_007.jpg,rhino,1.0000,True
elephant_318.jpg,elephant,1.0000,True
zebra_247.jpg,zebra,1.0000,True
elephant_287.jpg,elephant,0.9984,True
rhino_198.jpg,rhino,1.0000,True
zebra_253.jpg,zebra,1.0000,True
elephant_293.jpg,elephant,0.6653,True
buffalo_326.jpg,buffalo,1.0000,True
buffalo_332.jpg,buffalo,1.0000,True
elephant_244.jpg,elephant,1.0000,True
zebra_284.jpg,zebra,1.0000,True
elephant_250.jpg,elephant,1.0000,True
zebra_290.jpg,zebra,1.0000,True
elephant_278.jpg,elephant,0.9998,True
rhino_167.jpg,rhino,0.9982,True
rhino_173.jpg,rhino,1.0000,True
buffalo_118.jpg,buffalo,1.0000,True
elephant_085.jpg,elephant,1.0000,True
zebra_045.jpg,zebra,1.0000,True
elephant_091.jpg,elephant,0.9957,True
zebra_051.jpg,zebra,0.9938,True
buffalo_124.jpg,buffalo,1.0000,True
zebra_079.jpg,zebra,0.9752,True
buffalo_130.jpg,buffalo,1.0000,True
rhino_359.jpg,rhino,0.9999,True
zebra_086.jpg,zebra,1.0000,True
elephant_046.jpg,elephant,0.9999,True
zebra_092.jpg,zebra,1.0000,True
elephant_052.jpg,elephant,0.9926,True
rhino_365.jpg,rhino,0.9999,True
rhino_371.jpg,rhino,1.0000,True
rhino_368.jpg,rhino,1.0000,True
elephant_077.jpg,elephant,0.9999,True
elephant_063.jpg,elephant,0.9999,True
rhino_354.jpg,rhino,1.0000,True
rhino_340.jpg,rhino,0.9999,True
buffalo_129.jpg,buffalo,1.0000,True
zebra_074.jpg,zebra,1.0000,True
zebra_060.jpg,zebra,1.0000,True
buffalo_115.jpg,buffalo,1.0000,True
zebra_048.jpg,zebra,1.0000,True
elephant_088.jpg,elephant,0.9999,True
buffalo_101.jpg,buffalo,1.0000,True
elephant_275.jpg,elephant,0.9934,True
elephant_261.jpg,elephant,1.0000,True
zebra_289.jpg,zebra,1.0000,True
elephant_249.jpg,elephant,0.9998,True
rhino_156.jpg,rhino,0.8377,True
rhino_142.jpg,rhino,0.9997,True
zebra_276.jpg,zebra,1.0000,True
zebra_262.jpg,zebra,1.0000,True
rhino_195.jpg,rhino,1.0000,True
buffalo_317.jpg,buffalo,1.0000,True
buffalo_303.jpg,buffalo,1.0000,True
rhino_181.jpg,rhino,0.9991,True
elephant_301.jpg,elephant,1.0000,True
buffalo_288.jpg,buffalo,1.0000,True
elephant_315.jpg,elephant,0.9923,True
rhino_022.jpg,rhino,1.0000,True
rhino_036.jpg,rhino,1.0000,True
elephant_329.jpg,elephant,1.0000,True
zebra_302.jpg,zebra,0.9999,True
zebra_316.jpg,zebra,1.0000,True
buffalo_263.jpg,buffalo,1.0000,True
buffalo_277.jpg,buffalo,1.0000,True
elephant_103.jpg,elephant,0.9982,True
elephant_117.jpg,elephant,1.0000,True
rhino_208.jpg,rhino,1.0000,True
rhino_220.jpg,rhino,1.0000,True
rhino_234.jpg,rhino,1.0000,True
zebra_100.jpg,zebra,1.0000,True
zebra_114.jpg,zebra,1.0000,True
buffalo_049.jpg,buffalo,1.0000,True
buffalo_061.jpg,buffalo,0.9996,True
zebra_128.jpg,zebra,1.0000,True
buffalo_075.jpg,buffalo,1.0000,True
zebra_129.jpg,zebra,1.0000,True
buffalo_074.jpg,buffalo,1.0000,True
buffalo_060.jpg,buffalo,1.0000,True
zebra_115.jpg,zebra,1.0000,True
buffalo_048.jpg,buffalo,1.0000,True
zebra_101.jpg,zebra,1.0000,True
rhino_235.jpg,rhino,0.9997,True
rhino_221.jpg,rhino,1.0000,True
elephant_116.jpg,elephant,1.0000,True
rhino_209.jpg,rhino,1.0000,True
elephant_102.jpg,elephant,1.0000,True
buffalo_276.jpg,buffalo,1.0000,True
buffalo_262.jpg,buffalo,1.0000,True
zebra_317.jpg,zebra,1.0000,True
zebra_303.jpg,zebra,0.9993,True
rhino_037.jpg,rhino,1.0000,True
elephant_328.jpg,elephant,1.0000,True
rhino_023.jpg,rhino,1.0000,True
buffalo_289.jpg,buffalo,1.0000,True
elephant_314.jpg,elephant,0.9973,True
elephant_300.jpg,elephant,0.9999,True
rhino_180.jpg,rhino,1.0000,True
buffalo_302.jpg,buffalo,1.0000,True
buffalo_316.jpg,buffalo,1.0000,True
rhino_194.jpg,rhino,1.0000,True
zebra_263.jpg,zebra,1.0000,True
zebra_277.jpg,zebra,0.9998,True
rhino_143.jpg,rhino,1.0000,True
elephant_248.jpg,elephant,1.0000,True
zebra_288.jpg,zebra,1.0000,True
rhino_157.jpg,rhino,0.6014,True
elephant_260.jpg,elephant,0.9997,True
elephant_274.jpg,elephant,1.0000,True
buffalo_100.jpg,buffalo,1.0000,True
buffalo_114.jpg,buffalo,0.9998,True
elephant_089.jpg,elephant,0.9972,True
zebra_049.jpg,zebra,1.0000,True
zebra_061.jpg,zebra,1.0000,True
buffalo_128.jpg,buffalo,1.0000,True
zebra_075.jpg,zebra,0.9999,True
rhino_341.jpg,rhino,1.0000,True
rhino_355.jpg,rhino,1.0000,True
elephant_062.jpg,elephant,0.9977,True
rhino_369.jpg,rhino,1.0000,True
elephant_076.jpg,elephant,0.9992,True
elephant_060.jpg,elephant,1.0000,True
elephant_074.jpg,elephant,0.9999,True
rhino_343.jpg,rhino,1.0000,True
elephant_048.jpg,elephant,0.9257,True
zebra_088.jpg,zebra,1.0000,True
rhino_357.jpg,rhino,1.0000,True
zebra_063.jpg,zebra,1.0000,True
zebra_077.jpg,zebra,1.0000,True
rhino_380.jpg,rhino,1.0000,True
buffalo_102.jpg,buffalo,1.0000,True
buffalo_116.jpg,buffalo,1.0000,True
elephant_262.jpg,elephant,1.0000,True
rhino_169.jpg,rhino,1.0000,True
elephant_276.jpg,elephant,0.9969,True
rhino_141.jpg,rhino,1.0000,True
rhino_155.jpg,rhino,1.0000,True
zebra_261.jpg,zebra,1.0000,True
buffalo_328.jpg,buffalo,1.0000,True
zebra_275.jpg,zebra,1.0000,True
buffalo_300.jpg,buffalo,0.9999,True
rhino_182.jpg,rhino,1.0000,True
rhino_196.jpg,rhino,1.0000,True
buffalo_314.jpg,buffalo,1.0000,True
elephant_289.jpg,elephant,0.9981,True
zebra_249.jpg,zebra,1.0000,True
elephant_316.jpg,rhino,0.5189,False
rhino_009.jpg,rhino,0.9999,True
elephant_302.jpg,elephant,0.9859,True
rhino_035.jpg,rhino,1.0000,True
rhino_021.jpg,rhino,1.0000,True
zebra_315.jpg,zebra,1.0000,True
buffalo_248.jpg,buffalo,1.0000,True
zebra_301.jpg,zebra,1.0000,True
zebra_329.jpg,zebra,1.0000,True
buffalo_274.jpg,buffalo,1.0000,True
buffalo_260.jpg,buffalo,1.0000,True
buffalo_089.jpg,buffalo,0.9999,True
elephant_114.jpg,elephant,0.9999,True
elephant_100.jpg,elephant,0.9532,True
rhino_237.jpg,rhino,1.0000,True
elephant_128.jpg,elephant,0.9999,True
rhino_223.jpg,rhino,1.0000,True
zebra_117.jpg,zebra,0.9960,True
zebra_103.jpg,zebra,1.0000,True
buffalo_076.jpg,buffalo,1.0000,True
buffalo_062.jpg,buffalo,1.0000,True
buffalo_063.jpg,buffalo,1.0000,True
buffalo_077.jpg,buffalo,1.0000,True
zebra_102.jpg,zebra,1.0000,True
zebra_116.jpg,zebra,1.0000,True
rhino_222.jpg,rhino,1.0000,True
rhino_236.jpg,rhino,1.0000,True
elephant_129.jpg,elephant,1.0000,True
elephant_101.jpg,elephant,0.9997,True
buffalo_088.jpg,elephant,0.8523,False
elephant_115.jpg,elephant,0.9982,True
buffalo_261.jpg,buffalo,0.9999,True
zebra_328.jpg,zebra,1.0000,True
buffalo_275.jpg,buffalo,1.0000,True
zebra_300.jpg,zebra,1.0000,True
zebra_314.jpg,zebra,1.0000,True
buffalo_249.jpg,buffalo,1.0000,True
rhino_020.jpg,rhino,1.0000,True
rhino_034.jpg,rhino,1.0000,True
elephant_303.jpg,elephant,0.9999,True
elephant_317.jpg,elephant,0.9899,True
rhino_008.jpg,rhino,0.9871,True
buffalo_315.jpg,buffalo,1.0000,True
rhino_197.jpg,rhino,1.0000,True
zebra_248.jpg,zebra,1.0000,True
elephant_288.jpg,elephant,0.9998,True
rhino_183.jpg,rhino,0.9999,True
buffalo_301.jpg,buffalo,1.0000,True
buffalo_329.jpg,buffalo,1.0000,True
zebra_274.jpg,zebra,1.0000,True
zebra_260.jpg,zebra,1.0000,True
rhino_154.jpg,rhino,1.0000,True
rhino_140.jpg,rhino,1.0000,True
rhino_168.jpg,rhino,0.9993,True
elephant_277.jpg,elephant,0.9997,True
elephant_263.jpg,elephant,0.9992,True
buffalo_117.jpg,buffalo,1.0000,True
buffalo_103.jpg,buffalo,1.0000,True
zebra_076.jpg,zebra,1.0000,True
zebra_062.jpg,zebra,1.0000,True
zebra_089.jpg,zebra,1.0000,True
elephant_049.jpg,elephant,0.9980,True
rhino_356.jpg,rhino,1.0000,True
rhino_342.jpg,rhino,1.0000,True
elephant_075.jpg,elephant,1.0000,True
elephant_061.jpg,elephant,1.0000,True
elephant_059.jpg,elephant,0.9983,True
zebra_099.jpg,zebra,1.0000,True
rhino_346.jpg,rhino,1.0000,True
rhino_352.jpg,rhino,1.0000,True
elephant_065.jpg,elephant,0.9997,True
elephant_071.jpg,elephant,0.9976,True
buffalo_107.jpg,buffalo,1.0000,True
buffalo_113.jpg,buffalo,1.0000,True
zebra_066.jpg,zebra,1.0000,True
zebra_072.jpg,zebra,1.0000,True
rhino_144.jpg,rhino,1.0000,True
rhino_150.jpg,rhino,1.0000,True
rhino_178.jpg,rhino,0.9999,True
elephant_267.jpg,elephant,1.0000,True
elephant_273.jpg,elephant,0.9999,True
buffalo_305.jpg,buffalo,1.0000,True
rhino_187.jpg,elephant,0.9370,False
elephant_298.jpg,elephant,0.9955,True
zebra_258.jpg,zebra,0.9999,True
rhino_193.jpg,rhino,1.0000,True
buffalo_311.jpg,buffalo,0.9999,True
buffalo_339.jpg,buffalo,0.9939,True
zebra_264.jpg,zebra,1.0000,True
zebra_270.jpg,zebra,1.0000,True
rhino_030.jpg,rhino,1.0000,True
rhino_024.jpg,rhino,1.0000,True
elephant_313.jpg,elephant,0.9993,True
elephant_307.jpg,elephant,0.9982,True
rhino_018.jpg,rhino,1.0000,True
buffalo_271.jpg,buffalo,1.0000,True
zebra_338.jpg,zebra,1.0000,True
buffalo_265.jpg,buffalo,1.0000,True
zebra_310.jpg,zebra,1.0000,True
zebra_304.jpg,zebra,1.0000,True
buffalo_259.jpg,buffalo,1.0000,True
rhino_232.jpg,rhino,1.0000,True
rhino_226.jpg,rhino,1.0000,True
elephant_139.jpg,elephant,1.0000,True
elephant_111.jpg,elephant,0.9942,True
buffalo_098.jpg,buffalo,1.0000,True
elephant_105.jpg,elephant,0.9989,True
buffalo_073.jpg,buffalo,1.0000,True
buffalo_067.jpg,buffalo,1.0000,True
zebra_112.jpg,zebra,1.0000,True
zebra_106.jpg,zebra,1.0000,True
zebra_107.jpg,zebra,1.0000,True
zebra_113.jpg,zebra,1.0000,True
buffalo_066.jpg,buffalo,1.0000,True
buffalo_072.jpg,elephant,0.5723,False
buffalo_099.jpg,buffalo,1.0000,True
elephant_104.jpg,elephant,0.9976,True
elephant_110.jpg,elephant,1.0000,True
rhino_227.jpg,rhino,0.9998,True
elephant_138.jpg,elephant,0.9999,True
rhino_233.jpg,rhino,1.0000,True
zebra_305.jpg,zebra,1.0000,True
buffalo_258.jpg,buffalo,1.0000,True
zebra_311.jpg,zebra,1.0000,True
zebra_339.jpg,zebra,1.0000,True
buffalo_264.jpg,buffalo,1.0000,True
buffalo_270.jpg,buffalo,1.0000,True
elephant_306.jpg,elephant,0.9999,True
rhino_019.jpg,rhino,1.0000,True
elephant_312.jpg,elephant,0.9959,True
rhino_025.jpg,rhino,1.0000,True
rhino_031.jpg,rhino,1.0000,True
zebra_271.jpg,zebra,1.0000,True
buffalo_338.jpg,buffalo,1.0000,True
zebra_265.jpg,zebra,1.0000,True
buffalo_310.jpg,buffalo,1.0000,True
rhino_192.jpg,rhino,1.0000,True
rhino_186.jpg,rhino,1.0000,True
buffalo_304.jpg,buffalo,1.0000,True
zebra_259.jpg,zebra,1.0000,True
elephant_299.jpg,elephant,0.9797,True
elephant_272.jpg,elephant,0.9998,True
rhino_179.jpg,rhino,1.0000,True
elephant_266.jpg,elephant,1.0000,True
rhino_151.jpg,rhino,1.0000,True
rhino_145.jpg,rhino,1.0000,True
zebra_073.jpg,zebra,0.9999,True
zebra_067.jpg,zebra,0.9999,True
buffalo_112.jpg,buffalo,1.0000,True
buffalo_106.jpg,buffalo,1.0000,True
elephant_070.jpg,elephant,0.9992,True
elephant_064.jpg,elephant,0.9999,True
rhino_353.jpg,rhino,1.0000,True
zebra_098.jpg,zebra,1.0000,True
elephant_058.jpg,elephant,1.0000,True
rhino_347.jpg,rhino,1.0000,True
rhino_351.jpg,rhino,1.0000,True
rhino_345.jpg,rhino,1.0000,True
elephant_072.jpg,elephant,0.9999,True
rhino_379.jpg,rhino,0.9999,True
elephant_066.jpg,elephant,0.9995,True
buffalo_110.jpg,buffalo,1.0000,True
buffalo_104.jpg,buffalo,1.0000,True
zebra_059.jpg,zebra,1.0000,True
elephant_099.jpg,elephant,0.9968,True
zebra_071.jpg,zebra,0.9999,True
buffalo_138.jpg,buffalo,0.9998,True
zebra_065.jpg,zebra,1.0000,True
rhino_153.jpg,rhino,1.0000,True
elephant_258.jpg,elephant,0.5358,True
elephant_270.jpg,elephant,1.0000,True
elephant_264.jpg,elephant,0.9990,True
rhino_190.jpg,rhino,0.9998,True
buffalo_312.jpg,buffalo,0.9999,True
buffalo_306.jpg,buffalo,0.9975,True
rhino_184.jpg,rhino,1.0000,True
zebra_273.jpg,zebra,1.0000,True
zebra_267.jpg,zebra,1.0000,True
rhino_027.jpg,rhino,1.0000,True
elephant_338.jpg,elephant,1.0000,True
rhino_033.jpg,rhino,0.9998,True
buffalo_299.jpg,buffalo,1.0000,True
elephant_304.jpg,elephant,0.9998,True
elephant_310.jpg,elephant,0.9999,True
buffalo_266.jpg,buffalo,1.0000,True
buffalo_272.jpg,buffalo,1.0000,True
zebra_307.jpg,zebra,1.0000,True
zebra_313.jpg,zebra,1.0000,True
rhino_225.jpg,rhino,1.0000,True
rhino_231.jpg,rhino,1.0000,True
elephant_106.jpg,elephant,0.9995,True
rhino_219.jpg,rhino,1.0000,True
elephant_112.jpg,elephant,0.9976,True
zebra_139.jpg,zebra,0.9999,True
buffalo_064.jpg,buffalo,1.0000,True
buffalo_070.jpg,buffalo,1.0000,True
zebra_105.jpg,zebra,1.0000,True
buffalo_058.jpg,buffalo,0.9986,True
zebra_111.jpg,zebra,1.0000,True
zebra_110.jpg,zebra,1.0000,True
zebra_104.jpg,zebra,1.0000,True
buffalo_059.jpg,buffalo,1.0000,True
buffalo_071.jpg,buffalo,0.9999,True
zebra_138.jpg,zebra,1.0000,True
buffalo_065.jpg,buffalo,1.0000,True
elephant_113.jpg,elephant,0.9952,True
elephant_107.jpg,elephant,1.0000,True
rhino_218.jpg,rhino,1.0000,True
rhino_230.jpg,rhino,1.0000,True
rhino_224.jpg,rhino,1.0000,True
zebra_312.jpg,zebra,1.0000,True
zebra_306.jpg,zebra,1.0000,True
buffalo_273.jpg,buffalo,0.9946,True
buffalo_267.jpg,buffalo,1.0000,True
elephant_311.jpg,elephant,0.9978,True
buffalo_298.jpg,zebra,0.9795,False
elephant_305.jpg,elephant,0.9825,True
rhino_032.jpg,rhino,1.0000,True
rhino_026.jpg,rhino,1.0000,True
elephant_339.jpg,elephant,0.9997,True
zebra_266.jpg,zebra,1.0000,True
zebra_272.jpg,zebra,0.9998,True
rhino_185.jpg,rhino,1.0000,True
buffalo_307.jpg,buffalo,0.9975,True
buffalo_313.jpg,buffalo,1.0000,True
rhino_191.jpg,rhino,1.0000,True
elephant_265.jpg,elephant,1.0000,True
elephant_271.jpg,elephant,0.9997,True
elephant_259.jpg,elephant,0.9999,True
zebra_299.jpg,zebra,1.0000,True
rhino_146.jpg,rhino,0.9996,True
rhino_152.jpg,rhino,1.0000,True
buffalo_139.jpg,buffalo,1.0000,True
zebra_064.jpg,zebra,1.0000,True
zebra_070.jpg,zebra,1.0000,True
buffalo_105.jpg,buffalo,1.0000,True
elephant_098.jpg,elephant,0.8498,True
zebra_058.jpg,zebra,1.0000,True
buffalo_111.jpg,buffalo,1.0000,True
rhino_378.jpg,rhino,1.0000,True
elephant_067.jpg,elephant,0.9993,True
elephant_073.jpg,elephant,1.0000,True
rhino_344.jpg,rhino,1.0000,True
rhino_350.jpg,rhino,0.9994,True
elephant_014.jpg,elephant,0.9877,True
buffalo_189.jpg,buffalo,0.9999,True
elephant_028.jpg,elephant,1.0000,True
rhino_337.jpg,rhino,1.0000,True
rhino_323.jpg,rhino,1.0000,True
zebra_017.jpg,zebra,1.0000,True
zebra_003.jpg,zebra,1.0000,True
buffalo_176.jpg,buffalo,1.0000,True
buffalo_162.jpg,buffalo,0.9999,True
rhino_109.jpg,rhino,1.0000,True
elephant_202.jpg,elephant,0.9999,True
rhino_135.jpg,rhino,0.9976,True
rhino_121.jpg,rhino,1.0000,True
buffalo_348.jpg,buffalo,1.0000,True
zebra_215.jpg,zebra,1.0000,True
zebra_201.jpg,zebra,1.0000,True
buffalo_374.jpg,buffalo,1.0000,True
zebra_229.jpg,zebra,1.0000,True
buffalo_360.jpg,buffalo,1.0000,True
elephant_362.jpg,elephant,1.0000,True
elephant_376.jpg,elephant,0.9999,True
rhino_069.jpg,rhino,0.9998,True
rhino_041.jpg,rhino,0.9999,True
rhino_055.jpg,rhino,0.9977,True
zebra_361.jpg,zebra,1.0000,True
zebra_375.jpg,zebra,0.5095,True
buffalo_228.jpg,buffalo,1.0000,True
buffalo_200.jpg,buffalo,1.0000,True
rhino_082.jpg,rhino,1.0000,True
zebra_349.jpg,zebra,1.0000,True
rhino_096.jpg,rhino,1.0000,True
buffalo_214.jpg,buffalo,0.9995,True
elephant_160.jpg,elephant,0.9998,True
elephant_174.jpg,elephant,1.0000,True
rhino_243.jpg,rhino,1.0000,True
rhino_257.jpg,rhino,1.0000,True
zebra_188.jpg,zebra,1.0000,True
elephant_148.jpg,elephant,1.0000,True
zebra_163.jpg,zebra,0.9999,True
zebra_177.jpg,zebra,1.0000,True
rhino_280.jpg,rhino,0.9999,True
buffalo_002.jpg,buffalo,1.0000,True
buffalo_016.jpg,buffalo,0.9962,True
rhino_294.jpg,rhino,1.0000,True
rhino_295.jpg,rhino,1.0000,True
buffalo_017.jpg,buffalo,0.9999,True
buffalo_003.jpg,buffalo,0.9999,True
rhino_281.jpg,rhino,0.9999,True
zebra_176.jpg,zebra,1.0000,True
zebra_162.jpg,zebra,1.0000,True
rhino_256.jpg,rhino,0.9999,True
elephant_149.jpg,elephant,1.0000,True
zebra_189.jpg,zebra,1.0000,True
rhino_242.jpg,rhino,1.0000,True
elephant_175.jpg,elephant,1.0000,True
elephant_161.jpg,elephant,0.9943,True
zebra_348.jpg,zebra,1.0000,True
buffalo_215.jpg,buffalo,1.0000,True
rhino_097.jpg,rhino,1.0000,True
rhino_083.jpg,rhino,1.0000,True
buffalo_201.jpg,buffalo,0.9998,True
zebra_374.jpg,zebra,1.0000,True
buffalo_229.jpg,buffalo,1.0000,True
zebra_360.jpg,zebra,1.0000,True
rhino_054.jpg,rhino,1.0000,True
rhino_040.jpg,rhino,1.0000,True
elephant_377.jpg,elephant,1.0000,True
rhino_068.jpg,rhino,1.0000,True
elephant_363.jpg,elephant,0.9997,True
buffalo_361.jpg,buffalo,1.0000,True
buffalo_375.jpg,buffalo,1.0000,True
zebra_228.jpg,zebra,1.0000,True
zebra_200.jpg,zebra,1.0000,True
buffalo_349.jpg,buffalo,1.0000,True
zebra_214.jpg,zebra,0.9998,True
rhino_120.jpg,rhino,1.0000,True
rhino_134.jpg,rhino,1.0000,True
elephant_203.jpg,elephant,1.0000,True
rhino_108.jpg,rhino,1.0000,True
elephant_217.jpg,elephant,0.9989,True
buffalo_163.jpg,buffalo,1.0000,True
buffalo_177.jpg,buffalo,0.9991,True
zebra_002.jpg,zebra,1.0000,True
zebra_016.jpg,zebra,1.0000,True
rhino_322.jpg,rhino,1.0000,True
elephant_029.jpg,elephant,0.9968,True
rhino_336.jpg,rhino,1.0000,True
elephant_001.jpg,elephant,0.9993,True
elephant_015.jpg,elephant,0.9999,True
buffalo_188.jpg,buffalo,1.0000,True
elephant_003.jpg,elephant,1.0000,True
rhino_308.jpg,rhino,1.0000,True
elephant_017.jpg,elephant,0.8848,True
rhino_320.jpg,rhino,1.0000,True
rhino_334.jpg,rhino,1.0000,True
buffalo_149.jpg,buffalo,1.0000,True
zebra_014.jpg,zebra,1.0000,True
buffalo_161.jpg,buffalo,0.9989,True
buffalo_175.jpg,buffalo,1.0000,True
zebra_028.jpg,zebra,1.0000,True
elephant_201.jpg,elephant,1.0000,True
elephant_215.jpg,elephant,1.0000,True
rhino_122.jpg,rhino,1.0000,True
elephant_229.jpg,elephant,1.0000,True
rhino_136.jpg,rhino,1.0000,True
zebra_202.jpg,zebra,1.0000,True
zebra_216.jpg,zebra,1.0000,True
buffalo_363.jpg,buffalo,1.0000,True
buffalo_377.jpg,buffalo,1.0000,True
elephant_375.jpg,elephant,0.9980,True
elephant_361.jpg,elephant,0.9859,True
elephant_349.jpg,elephant,0.9982,True
rhino_042.jpg,rhino,1.0000,True
zebra_376.jpg,zebra,0.9999,True
zebra_362.jpg,zebra,1.0000,True
rhino_095.jpg,rhino,0.9154,True
buffalo_217.jpg,buffalo,1.0000,True
buffalo_203.jpg,buffalo,0.9999,True
rhino_081.jpg,rhino,1.0000,True
elephant_177.jpg,elephant,1.0000,True
rhino_268.jpg,rhino,0.9995,True
elephant_163.jpg,elephant,1.0000,True
rhino_254.jpg,rhino,1.0000,True
rhino_240.jpg,rhino,1.0000,True
zebra_174.jpg,zebra,1.0000,True
buffalo_029.jpg,buffalo,1.0000,True
zebra_160.jpg,zebra,1.0000,True
elephant_188.jpg,elephant,0.9975,True
zebra_148.jpg,zebra,1.0000,True
buffalo_015.jpg,buffalo,1.0000,True
rhino_297.jpg,rhino,1.0000,True
rhino_283.jpg,rhino,1.0000,True
buffalo_001.jpg,buffalo,1.0000,True
rhino_282.jpg,rhino,1.0000,True
zebra_149.jpg,zebra,1.0000,True
elephant_189.jpg,elephant,0.8827,True
rhino_296.jpg,rhino,1.0000,True
buffalo_014.jpg,buffalo,0.9999,True
zebra_161.jpg,zebra,1.0000,True
zebra_175.jpg,zebra,0.9960,True
buffalo_028.jpg,buffalo,1.0000,True
rhino_241.jpg,rhino,1.0000,True
rhino_255.jpg,rhino,1.0000,True
elephant_162.jpg,elephant,0.9994,True
elephant_176.jpg,elephant,0.9898,True
rhino_269.jpg,rhino,1.0000,True
rhino_080.jpg,rhino,0.9999,True
buffalo_202.jpg,buffalo,1.0000,True
buffalo_216.jpg,buffalo,1.0000,True
rhino_094.jpg,rhino,0.9997,True
zebra_363.jpg,zebra,0.9994,True
zebra_377.jpg,zebra,1.0000,True
rhino_043.jpg,rhino,1.0000,True
rhino_057.jpg,rhino,1.0000,True
elephant_348.jpg,elephant,1.0000,True
elephant_360.jpg,elephant,0.9992,True
elephant_374.jpg,elephant,0.9999,True
buffalo_376.jpg,buffalo,0.9998,True
buffalo_362.jpg,buffalo,1.0000,True
zebra_217.jpg,zebra,1.0000,True
zebra_203.jpg,zebra,1.0000,True
elephant_228.jpg,elephant,0.9979,True
rhino_137.jpg,rhino,0.9999,True
rhino_123.jpg,rhino,1.0000,True
elephant_214.jpg,elephant,0.9978,True
elephant_200.jpg,elephant,0.9913,True
buffalo_174.jpg,buffalo,1.0000,True
zebra_029.jpg,zebra,1.0000,True
buffalo_160.jpg,buffalo,0.9999,True
buffalo_148.jpg,rhino,0.9769,False
zebra_015.jpg,zebra,1.0000,True
zebra_001.jpg,zebra,1.0000,True
rhino_335.jpg,rhino,0.8818,True
rhino_321.jpg,rhino,1.0000,True
rhino_309.jpg,rhino,1.0000,True
elephant_016.jpg,elephant,0.9992,True
elephant_002.jpg,elephant,1.0000,True
rhino_325.jpg,rhino,0.9997,True
rhino_331.jpg,rhino,1.0000,True
rhino_319.jpg,rhino,0.9993,True
elephant_006.jpg,elephant,0.9969,True
elephant_012.jpg,elephant,1.0000,True
buffalo_164.jpg,buffalo,1.0000,True
zebra_039.jpg,zebra,1.0000,True
buffalo_170.jpg,buffalo,1.0000,True
buffalo_158.jpg,buffalo,0.9998,True
zebra_005.jpg,zebra,1.0000,True
zebra_011.jpg,zebra,1.0000,True
elephant_238.jpg,elephant,1.0000,True
rhino_127.jpg,rhino,1.0000,True
rhino_133.jpg,rhino,1.0000,True
elephant_204.jpg,elephant,0.9995,True
elephant_210.jpg,elephant,0.9990,True
buffalo_366.jpg,buffalo,1.0000,True
buffalo_372.jpg,buffalo,1.0000,True
zebra_207.jpg,zebra,0.9952,True
zebra_213.jpg,zebra,1.0000,True
rhino_053.jpg,rhino,1.0000,True
rhino_047.jpg,rhino,1.0000,True
elephant_358.jpg,zebra,0.6826,False
elephant_370.jpg,elephant,1.0000,True
elephant_364.jpg,elephant,0.9816,True
rhino_090.jpg,rhino,1.0000,True
buffalo_212.jpg,buffalo,0.9997,True
buffalo_206.jpg,buffalo,1.0000,True
rhino_084.jpg,rhino,1.0000,True
zebra_373.jpg,zebra,0.9999,True
zebra_367.jpg,zebra,1.0000,True
rhino_251.jpg,rhino,1.0000,True
rhino_245.jpg,rhino,1.0000,True
elephant_172.jpg,elephant,0.9997,True
elephant_166.jpg,elephant,1.0000,True
rhino_279.jpg,rhino,1.0000,True
buffalo_010.jpg,buffalo,0.9669,True
rhino_292.jpg,rhino,0.9999,True
elephant_199.jpg,elephant,0.9999,True
zebra_159.jpg,zebra,1.0000,True
rhino_286.jpg,rhino,1.0000,True
buffalo_004.jpg,buffalo,0.9998,True
zebra_171.jpg,zebra,1.0000,True
zebra_165.jpg,zebra,0.7166,True
buffalo_038.jpg,buffalo,0.9986,True
zebra_164.jpg,zebra,1.0000,True
buffalo_039.jpg,buffalo,1.0000,True
zebra_170.jpg,zebra,1.0000,True
zebra_158.jpg,zebra,1.0000,True
elephant_198.jpg,elephant,1.0000,True
buffalo_005.jpg,buffalo,0.9748,True
rhino_287.jpg,rhino,0.9985,True
rhino_293.jpg,rhino,1.0000,True
buffalo_011.jpg,buffalo,0.9999,True
elephant_167.jpg,elephant,0.9993,True
rhino_278.jpg,rhino,0.9990,True
elephant_173.jpg,elephant,1.0000,True
rhino_244.jpg,rhino,1.0000,True
rhino_250.jpg,rhino,1.0000,True
zebra_366.jpg,zebra,1.0000,True
zebra_372.jpg,zebra,1.0000,True
rhino_085.jpg,rhino,0.9986,True
buffalo_207.jpg,buffalo,1.0000,True
buffalo_213.jpg,buffalo,0.9928,True
rhino_091.jpg,rhino,1.0000,True
elephant_365.jpg,elephant,0.9993,True
elephant_371.jpg,elephant,0.9967,True
rhino_046.jpg,rhino,1.0000,True
elephant_359.jpg,elephant,0.9995,True
rhino_052.jpg,rhino,1.0000,True
zebra_212.jpg,zebra,1.0000,True
zebra_206.jpg,zebra,1.0000,True
buffalo_373.jpg,buffalo,1.0000,True
buffalo_367.jpg,buffalo,1.0000,True
elephant_211.jpg,elephant,0.9988,True
elephant_205.jpg,elephant,0.9962,True
rhino_132.jpg,rhino,1.0000,True
elephant_239.jpg,elephant,0.9999,True
rhino_126.jpg,rhino,1.0000,True
zebra_010.jpg,zebra,1.0000,True
buffalo_159.jpg,buffalo,0.9998,True
zebra_004.jpg,zebra,1.0000,True
buffalo_171.jpg,buffalo,1.0000,True
buffalo_165.jpg,buffalo,1.0000,True
zebra_038.jpg,zebra,0.9996,True
elephant_013.jpg,elephant,1.0000,True
rhino_318.jpg,rhino,1.0000,True
elephant_007.jpg,elephant,0.9795,True
rhino_330.jpg,rhino,1.0000,True
rhino_324.jpg,rhino,1.0000,True
rhino_332.jpg,rhino,1.0000,True
elephant_039.jpg,elephant,0.9998,True
rhino_326.jpg,rhino,1.0000,True
elephant_011.jpg,elephant,1.0000,True
elephant_005.jpg,elephant,0.9926,True
buffalo_198.jpg,buffalo,0.9986,True
buffalo_173.jpg,buffalo,1.0000,True
buffalo_167.jpg,buffalo,1.0000,True
zebra_012.jpg,zebra,1.0000,True
zebra_006.jpg,zebra,1.0000,True
rhino_130.jpg,rhino,1.0000,True
rhino_124.jpg,rhino,0.9997,True
elephant_213.jpg,elephant,0.9990,True
rhino_118.jpg,rhino,1.0000,True
elephant_207.jpg,elephant,0.9873,True
buffalo_371.jpg,buffalo,1.0000,True
buffalo_365.jpg,buffalo,1.0000,True
zebra_238.jpg,zebra,1.0000,True
zebra_210.jpg,zebra,1.0000,True
buffalo_359.jpg,buffalo,1.0000,True
zebra_204.jpg,zebra,0.9627,True
rhino_044.jpg,rhino,1.0000,True
rhino_050.jpg,rhino,0.9996,True
elephant_367.jpg,elephant,1.0000,True
rhino_078.jpg,rhino,0.9999,True
elephant_373.jpg,elephant,0.9998,True
zebra_358.jpg,zebra,1.0000,True
buffalo_205.jpg,buffalo,0.9182,True
rhino_087.jpg,rhino,1.0000,True
rhino_093.jpg,rhino,1.0000,True
buffalo_211.jpg,buffalo,1.0000,True
zebra_364.jpg,zebra,0.9999,True
buffalo_239.jpg,buffalo,1.0000,True
zebra_370.jpg,zebra,1.0000,True
rhino_246.jpg,rhino,1.0000,True
zebra_199.jpg,zebra,1.0000,True
elephant_159.jpg,elephant,0.9363,True
rhino_252.jpg,rhino,0.9982,True
elephant_165.jpg,elephant,0.9875,True
elephant_171.jpg,elephant,1.0000,True
rhino_285.jpg,rhino,1.0000,True
buffalo_007.jpg,buffalo,0.9992,True
buffalo_013.jpg,buffalo,0.9989,True
rhino_291.jpg,rhino,1.0000,True
zebra_166.jpg,zebra,0.9999,True
zebra_172.jpg,zebra,1.0000,True
zebra_173.jpg,zebra,1.0000,True
zebra_167.jpg,zebra,1.0000,True
rhino_290.jpg,rhino,0.9995,True
buffalo_012.jpg,buffalo,1.0000,True
buffalo_006.jpg,buffalo,0.9679,True
rhino_284.jpg,rhino,0.9993,True
elephant_170.jpg,elephant,1.0000,True
elephant_164.jpg,elephant,0.9993,True
rhino_253.jpg,rhino,1.0000,True
rhino_247.jpg,rhino,1.0000,True
elephant_158.jpg,elephant,0.9983,True
zebra_198.jpg,zebra,1.0000,True
zebra_371.jpg,zebra,1.0000,True
zebra_365.jpg,zebra,1.0000,True
buffalo_238.jpg,buffalo,1.0000,True
buffalo_210.jpg,buffalo,1.0000,True
rhino_092.jpg,rhino,1.0000,True
zebra_359.jpg,zebra,0.9998,True
rhino_086.jpg,rhino,1.0000,True
buffalo_204.jpg,buffalo,0.9958,True
elephant_372.jpg,elephant,0.9926,True
elephant_366.jpg,elephant,0.9921,True
rhino_079.jpg,rhino,1.0000,True
rhino_051.jpg,rhino,1.0000,True
rhino_045.jpg,rhino,1.0000,True
buffalo_358.jpg,buffalo,1.0000,True
zebra_205.jpg,zebra,1.0000,True
zebra_211.jpg,zebra,0.9993,True
buffalo_364.jpg,buffalo,1.0000,True
zebra_239.jpg,zebra,1.0000,True
buffalo_370.jpg,buffalo,1.0000,True
rhino_119.jpg,rhino,0.9991,True
elephant_206.jpg,elephant,0.9766,True
elephant_212.jpg,elephant,0.9942,True
rhino_125.jpg,rhino,1.0000,True
rhino_131.jpg,rhino,1.0000,True
zebra_007.jpg,zebra,0.9950,True
zebra_013.jpg,zebra,0.9999,True
buffalo_166.jpg,buffalo,1.0000,True
buffalo_172.jpg,buffalo,1.0000,True
elephant_004.jpg,elephant,0.9999,True
buffalo_199.jpg,buffalo,1.0000,True
elephant_010.jpg,elephant,0.9910,True
elephant_038.jpg,elephant,0.9998,True
rhino_327.jpg,rhino,0.9993,True
rhino_333.jpg,rhino,1.0000,True
